http://dlg.galileo.usg.edu/hargrett/williams/	https://web.archive.org/web/20200303173227/http://dlg.galileo.usg.edu/hargrett/williams/
http://dlg.galileo.usg.edu/hargrett/williams/jpgs/rew004.jpg	https://web.archive.org/web/20120913014613/http://dlg.galileo.usg.edu/hargrett/williams/jpgs/rew004.jpg
http://dlg.galileo.usg.edu/hargrett/williams/jpgs/rew008.jpg	https://web.archive.org/web/20120916144717/http://dlg.galileo.usg.edu/hargrett/williams/jpgs/rew008.jpg
http://dlg.galileo.usg.edu/hargrett/williams/jpgs/rew037.jpg	https://web.archive.org/web/20040109184411/http://dlg.galileo.usg.edu/hargrett/williams/jpgs/rew037.jpg
http://en.childrenslibrary.org/index.shtml	https://web.archive.org/web/20201205222558/http://en.childrenslibrary.org/index.shtml
http://iks.ukzn.ac.za/	https://web.archive.org/web/20240921035927/https://iks.ukzn.ac.za/
http://international.loc.gov/intldl/brhtml/	https://web.archive.org/web/20210410220048/http://international.loc.gov/intldl/brhtml/
http://international.loc.gov/intldl/eshtml/	https://web.archive.org/web/20220331215022/http://international.loc.gov/intldl/eshtml/
http://menus.nypl.org/dishes/96	https://web.archive.org/web/20240316063603/https://menus.nypl.org/dishes/96
http://sourcebook.stanford.edu/collections/love-songs-medieval-world-lyrics-europe-and-asia	http://sourcebook.stanford.edu/
http://womenwriters.digitalscholarship.emory.edu/abolition/browse.php	https://web.archive.org/web/20210422131238/http://womenwriters.digitalscholarship.emory.edu/abolition/browse.php
http://womenwriters.digitalscholarship.emory.edu/advocacy/	https://web.archive.org/web/20210723183722/http://womenwriters.digitalscholarship.emory.edu/advocacy/
http://womenwriters.digitalscholarship.emory.edu/earlymodern/	https://web.archive.org/web/20210723192457/http://womenwriters.digitalscholarship.emory.edu/earlymodern/
http://womenwriters.digitalscholarship.emory.edu/earlymodern/content.php?level=div&id=elizabeth_001&document=elizabeth	https://web.archive.org/web/20210723192457/http://womenwriters.digitalscholarship.emory.edu/earlymodern/
http://womenwriters.digitalscholarship.emory.edu/earlymodern/toc.php?id=atomic	https://web.archive.org/web/20210723192457/http://womenwriters.digitalscholarship.emory.edu/earlymodern/
http://womenwriters.digitalscholarship.emory.edu/essays.php	https://web.archive.org/web/20200218235326/http://womenwriters.digitalscholarship.emory.edu/essays.php
http://womenwriters.digitalscholarship.emory.edu/genrefiction/	https://web.archive.org/web/20210723201753/http://womenwriters.digitalscholarship.emory.edu/genrefiction/
http://womenwriters.digitalscholarship.emory.edu/nativeamerican/	https://web.archive.org/web/20210723201924/http://womenwriters.digitalscholarship.emory.edu/nativeamerican/
http://womenwriters.digitalscholarship.emory.edu/twentiethcentury/	https://web.archive.org/web/20210723180114/http://womenwriters.digitalscholarship.emory.edu/twentiethcentury/
http://womenwriters.digitalscholarship.emory.edu/worldwarI/	https://web.archive.org/web/20210723192239/http://womenwriters.digitalscholarship.emory.edu/worldwarI/
http://www.americancenturies.mass.edu/home.html	https://web.archive.org/web/20250115200927/http://americancenturies.mass.edu/home.html
http://www.aodl.org/westafrica/index.php	https://web.archive.org/web/20231129191750/https://aodl.org/westafrica/index.php
http://www.bl.uk/onlinegallery/onlineex/carviews/index.html	https://web.archive.org/web/20220706042043/http://www.bl.uk/onlinegallery/onlineex/carviews/index.html
http://www.gutenberg.org/wiki/Main_Page	https://web.archive.org/web/20200826171515/http://www.gutenberg.org/wiki/Main_Page
http://www.loc.gov/teachers/classroommaterials/connections/parallel-histories-spain/index.html	https://web.archive.org/web/20220331215022/http://international.loc.gov/intldl/eshtml/
http://www.loc.gov/teachers/classroommaterials/connections/puerto-rico/	https://web.archive.org/web/20200712004206/http://www.loc.gov/teachers/classroommaterials/connections/puerto-rico/
http://www.loc.gov/teachers/classroommaterials/connections/slaves-court/file.html	https://web.archive.org/web/20200815090203/http://www.loc.gov/teachers/classroommaterials/connections/slaves-court/file.html
http://www.loc.gov/teachers/classroommaterials/connections/transport-comm/file.html	https://web.archive.org/web/20200128022656/http://www.loc.gov/teachers/classroommaterials/connections/transport-comm/file.html
http://www.loc.gov/teachers/classroommaterials/primarysourcesets/wdl/index.html	https://web.archive.org/web/20200804153731/http://www.loc.gov/teachers/classroommaterials/primarysourcesets/wdl/index.html
http://www.nla.gov.au/ferg/	https://web.archive.org/web/20211029015802/http://www.nla.gov.au/ferg/
http://www2.culture.gouv.fr/culture/arcnat/auxerre/en/index.htm	https://web.archive.org/web/20210517150611/http://www2.culture.gouv.fr/culture/arcnat/auxerre/en/index.htm
http://www2.culture.gouv.fr/culture/arcnat/charavines/en/index.htm	https://web.archive.org/web/20241213142658/http://www2.culture.gouv.fr/culture/arcnat/charavines/en/index.htm
http://www2.culture.gouv.fr/culture/arcnat/saqqara/fr/intro_flash.html	https://archeologie.culture.fr/fr
http://www2.culture.gouv.fr/culture/arcnat/vienne/en/index.html	https://web.archive.org/web/20240420163847/http://www2.culture.gouv.fr/culture/arcnat/vienne/en/index.html
http://www2.scc.rutgers.edu/memdb/	https://web.archive.org/web/20200803061509/http://www2.scc.rutgers.edu/memdb/
https://africanactivist.msu.edu/index.php	https://web.archive.org/web/20220515210711/https://africanactivist.msu.edu/index.php
https://blogs.ed.ac.uk/ecarroll3_witchcraft_visualisation/	https://web.archive.org/web/20220128003434/https://blogs.ed.ac.uk/ecarroll3_witchcraft_visualisation/
https://cgs.la.psu.edu/teaching-resources/k-12-resources-1/teaching-the-middle-east-resources-for-educators	https://web.archive.org/web/20201028145052/https://cgs.la.psu.edu/teaching-resources/k-12-resources-1/teaching-the-middle-east-resources-for-educators
https://italnet.nd.edu/	https://web.archive.org/web/20250219085159/https://italnet.nd.edu/
https://native-land.ca/about/our-team/	https://web.archive.org/web/20241111145149/https://native-land.ca/about/our-team
https://overcomingapartheid.msu.edu/index.php	https://overcomingapartheid.msu.edu/indexview.php
https://pacificasiamuseum.usc.edu/exhibitions/past/exhibitions-at-usc-pam-prior-to-2011/visions-of-enlightenment-understanding-the-art-of-buddhism/learn-more/	https://web.archive.org/web/20240709021446/https://pacificasiamuseum.usc.edu/exhibitions/past/exhibitions-at-usc-pam-prior-to-2011/visions-of-enlightenment-understanding-the-art-of-buddhism/learn-more/
https://paleography.library.utoronto.ca/content/about-team	https://web.archive.org/web/20230517100926/https://paleography.library.utoronto.ca/content/about-team
https://salalm.org/collection-development-resources/digital-primary-resources/	https://web.archive.org/web/20220723181402/https://salalm.org/collection-development-resources/digital-primary-resources/
https://soviethistory.msu.edu/bibliography-2/	https://web.archive.org/web/20251117015136/https://soviethistory.msu.edu/bibliography-2/
https://thecdil.github.io/mancini_source/	https://web.archive.org/web/20211023152448/https://thecdil.github.io/mancini_source/
https://worldhistorycommons.org/search/node/codex%20mendoza	/search/?q=codex%20mendoza
https://worldhistorycommons.org/search/node/florentine%20codex/	/search/?q=florentine%20codex
https://www.cah.utexas.edu/db/dmr/dmr_result.php?collection=run	https://web.archive.org/web/20210810112716/https://www.cah.utexas.edu/db/dmr/dmr_result.php?collection=run
https://www.canadianmysteries.ca/en/index.php	https://web.archive.org/web/20240804055135/https://canadianmysteries.ca/en/index.php
https://www.cartercenter.org/news/teacher_resource/	https://web.archive.org/web/20251116112406/https://www.cartercenter.org/news/teacher_resource/
https://www.collectionscanada.gc.ca/framingcanada/045003-2300-e.html	https://web.archive.org/web/20191125204137/http://www.collectionscanada.gc.ca/framingcanada/045003-2300-e.html
https://www.getty.edu/research/tools/guides_bibliographies/mexico/html/index.html	https://web.archive.org/web/20221005202155/https://www.getty.edu/research/tools/guides_bibliographies/mexico/html/index.html
https://www.kyohaku.go.jp/eng/syuzou/index.html	https://web.archive.org/web/20220401010028/https://www.kyohaku.go.jp/eng/syuzou/index.html
https://www.newnetherlandinstitute.org/education/for-teachers/	https://www.newnetherlandinstitute.org/
https://www.newnetherlandinstitute.org/education/for-teachers/new-york-s-colonial-dutch-history-an-education-resource-from-the-new-york-state-archives/	https://web.archive.org/web/20260327161752/https://www.newnetherlandinstitute.org/education/for-teachers/new-york-s-colonial-dutch-history-an-education-resource-from-the-new-york-state-archives
https://www.newnetherlandinstitute.org/education/for-teachers/new-york-s-colonial-dutch-history-an-education-resource-from-the-new-york-state-archives/global-case-study/	https://web.archive.org/web/20251213133859/https://www.newnetherlandinstitute.org/education/for-teachers/new-york-s-colonial-dutch-history-an-education-resource-from-the-new-york-state-archives/global-case-study
”http://projectvox.org/philosophers/”	https://projectvox.org/philosophers/
http://projectvox.org/cavendish-1623-1673/"	https://projectvox.org/cavendish-1623-1673/
