old_url,native_url
/region/africa,/regions/africa/
/region/arctic-antarctica,/regions/arctic/-antarctica/
/region/asia,/regions/asia/
/region/comparative,/regions/comparative/
/region/europe,/regions/europe/
/region/global,/regions/global/
/region/middle-east,/regions/middle-east/
/region/northcentral-america,/regions/north/central-america/
/region/oceania,/regions/oceania/
/region/south-america,/regions/south-america/
/subject/archaeology,/subjects/archaeology/
/subject/children,/subjects/children/
/subject/culture,/subjects/culture/
/subject/decolonization,/subjects/decolonization/
/subject/economics,/subjects/economics/
/subject/education,/subjects/education/
/subject/enlightenment,/subjects/enlightenment/
/subject/environment,/subjects/environment/
/subject/family-life,/subjects/family-life/
/subject/gender,/subjects/gender/
/subject/geography,/subjects/geography/
/subject/global-contact,/subjects/global-contact/
/subject/government,/subjects/government/
/subject/health-disease,/subjects/health/-disease/
/subject/imperial-colonial,/subjects/imperial/-colonial/
/subject/industrial-revolution,/subjects/industrial-revolution/
/subject/law,/subjects/law/
/subject/migrationdiaspora,/subjects/migration/diaspora/
/subject/military,/subjects/military/
/subject/nationalism,/subjects/nationalism/
/subject/politics,/subjects/politics/
/subject/popular-culture,/subjects/popular-culture/
/subject/population,/subjects/population/
/subject/religion,/subjects/religion/
/subject/revolutions,/subjects/revolutions/
/subject/science-technology,/subjects/science/-technology/
/subject/slavery,/subjects/slavery/
/subject/social-structure,/subjects/social-structure/
/subject/trade,/subjects/trade/
/subject/transportation,/subjects/transportation/
/subject/travel,/subjects/travel/
/subject/war,/subjects/war/
/subject/women,/subjects/women/
/time-period/ancient-500-ce,/time_periods/ancient-before-500-ce/
/time-period/contemporary-1950-ce-present,/time_periods/contemporary-1950-ce---present/
/time-period/early-modern-1450-ce-1800-ce,/time_periods/early-modern-1450-ce---1800-ce/
/time-period/modern-1800-ce-1950-ce,/time_periods/modern-1800-ce---1950-ce/
/time-period/post-classical-500-ce-1450-ce,/time_periods/post-classical-500-ce---1450-ce/
